Text,Emotion,,,
"Today, I received a job offer from the company I've always dreamed of working for. The sense of accomplishment and joy is overwhelming. I can't wait to embark on this new journey and contribute my best to the team.",Happy,,,
"Reflecting on my recent achievements, I'm filled with a deep sense of pride. Overcoming challenges and reaching milestones has been incredibly rewarding. Taking a moment to celebrate these victories with my loved ones brings immense happiness.",Happy,,,
"There's something magical about a sunny day and a good book. I spent the afternoon basking in the sun, completely absorbed in the pages of my favorite novel. Simple moments like these make life beautiful.",Happy,,,
"Nothing beats the joy of spending quality time with family and friends. Whether it's sharing laughter, stories, or a delicious meal together, these moments create lasting memories that warm the heart.",Happy,,,
"Surprises have a unique way of brightening our days. A friend surprised me with a heartfelt gesture, showing me how much they care. Grateful for the kindness and warmth that true friendships bring.",Happy,,,
"The excitement is building as the days count down to my dream vacation. Visualizing the adventure, exploring new places, and immersing myself in different cultures – it's a thrilling anticipation that keeps me on my toes.",Excitement,,,
"The thrill of starting a new chapter in life is electrifying. A fresh beginning brings opportunities for growth, learning, and making exciting discoveries. Embracing the unknown with open arms.",Excitement,,,
"The buzz of excitement is palpable – tickets to the concert I've been eagerly waiting for just arrived! The prospect of experiencing live music, surrounded by a crowd of enthusiastic fans, fills me with exhilaration.",Excitement,,,
"Reuniting with an old friend after a long time is a special kind of excitement. The anticipation, the shared stories, and the laughter that ensues – it's a reunion that leaves the heart brimming with joy.",Excitement,,,
Planning a surprise for someone special adds an extra layer of excitement to the day. The anticipation of their reaction and the effort put into making them happy is a source of genuine joy.,Excitement,,,
"Lately, I've been feeling a persistent sense of sadness, as if a heavy cloud is hanging over me. Simple tasks seem overwhelming, and the joy that once filled my days feels distant.",Depression,,,
"Anxiety grips me, making every decision feel like a daunting task. The constant worry and restlessness create a sense of unease that lingers throughout the day.",Anxiety,,,
"Doubt and suspicion cloud my thoughts, making it challenging to trust those around me. Every interaction is met with skepticism, and the fear of betrayal looms large.",Paranoia,,,
"Sleep eludes me, and the nights feel endless. Restlessness and tension make it difficult to find a peaceful state of mind, leaving me fatigued and worn out.",Sleeping Disorder,,,
"Wrestling with the grip of substance abuse, each day is a struggle. The dependency on substances becomes a barrier to a fulfilling life, and breaking free seems like an insurmountable challenge.",Substance Abuse,,,
"The mind feels like a chaotic maze, navigating through moments of instability. Thoughts and emotions swirl, creating a sense of confusion and difficulty in maintaining a steady mental state.",Personality Disorder,,,
"Despite the challenges, I find joy in the simple things – a warm cup of coffee, a walk in nature, the laughter of loved ones. These moments remind me that happiness can be found even in the midst of life's complexities.",Happy,,,
"Excitement courses through my veins as I embark on a new adventure. The thrill of the unknown, the anticipation of possibilities – it's a feeling of boundless energy and enthusiasm.",Excitement,,,
"In moments of happiness, the world seems to glow with vibrant colors. A heartwarming smile, a shared joke, or a small achievement can light up the entire day, creating a sense of warmth and contentment.",Happy,,,
"An overwhelming sense of relief washes over me as I conquer a challenging task. The weight lifts from my shoulders, and I savor the accomplishment, basking in the glow of success.",Happy,,,
The anticipation of a long-awaited reunion fills me with joy. The prospect of reconnecting with dear friends and family creates a sense of warmth and belonging.,Excitement,,,
"Each day is an opportunity for growth and self-discovery. Embracing the journey, I find fulfillment in learning, evolving, and becoming the best version of myself.",Happy,,,
"The rhythmic sound of ocean waves brings peace to my soul. Amidst the vastness of the sea, I find tranquility, and worries fade away as I immerse myself in the beauty of nature.",Happy,,,
An air of positivity surrounds me as I engage in uplifting conversations and share laughter with cherished companions. These moments create a sense of camaraderie and connection.,Happy,,,
"A sense of calm envelops me as I practice mindfulness. In the present moment, I find solace, free from the weight of past regrets or future uncertainties.",Happy,,,
The thrill of creativity fuels my passion as I express myself through art. Each stroke of the brush or word on the page brings a sense of accomplishment and inner fulfillment.,Excitement,,,
"Amidst the challenges, the support of loved ones acts as a guiding light. Their encouragement and understanding create a nurturing environment, fostering a positive mindset.",Happy,,,
"In the pursuit of personal goals, a surge of determination propels me forward. The journey may be arduous, but the sense of accomplishment awaits at the finish line.",Excitement,,,
"The aroma of freshly baked cookies fills the air, evoking a comforting sense of home. Simple pleasures like these create a warm and cozy atmosphere, nurturing feelings of happiness.",Happy,,,
"Navigating through life's twists and turns, a resilient spirit prevails. Despite setbacks, the unwavering belief in one's capabilities sparks a flame of hope and optimism.",Happy,,,
The joy of discovery accompanies each exploration of new cultures and perspectives. Embracing diversity brings a sense of enrichment and a broader understanding of the world.,Excitement,,,
"A sense of wonder fills me as I gaze at the starry night sky. The vastness of the universe inspires awe, prompting contemplation and a profound connection to the cosmos.",Excitement,,,
The gentle rustling of leaves in the autumn breeze instills a sense of tranquility. Nature's cycles remind me of the beauty in change and the importance of embracing seasons of life.,Happy,,,
"A burst of laughter echoes in the air, creating an atmosphere of joy. Shared moments of mirth and camaraderie strengthen bonds and contribute to a positive, uplifting environment.",Happy,,,
"The thrill of a spontaneous adventure beckons, and the allure of the unknown propels me forward. Embracing the unpredictability of life, I find excitement in every twist and turn.",Excitement,,,
"A sense of accomplishment accompanies the completion of a challenging project. The journey may have been demanding, but the knowledge gained and skills honed bring immense satisfaction.",Happy,,,
"The aroma of blooming flowers awakens a sense of renewal. In the embrace of nature's beauty, I find rejuvenation and a reminder of the cyclical nature of life.",Happy,,,
A heartfelt connection with others creates a tapestry of shared experiences. The bonds forged through empathy and understanding contribute to a sense of fulfillment and happiness.,Happy,,,
"Moments of stillness and reflection offer a reprieve from the hustle and bustle of daily life. In the quietude, I find clarity and a sense of inner peace.",Happy,,,
"The anticipation of a new chapter in life fills me with excitement. Embracing change as an opportunity for growth, I approach the future with optimism and enthusiasm.",Excitement,,,
"Amidst the vibrant colors of a sunset, a sense of awe envelops me. The beauty of the sky's canvas serves as a poignant reminder of the wonders that surround us.",Excitement,,,
"""Lately, it feels like a heavy cloud hangs over me constantly.""",Depression,,,
"""Anxiety creeps in, making every decision feel like a challenge.""",Anxiety,,,
"""I can't shake the feeling of being watched, an eerie paranoia.""",Paranoia,,,
"""Sleep eludes me, and each night becomes a battleground.""",Sleeping Disorder,,,
"""The struggle with substance use has taken a toll on my life.""",Substance Abuse,,,
"""Living with a constant fear of losing touch with reality.""",Personality Disorder,,,
"""It's hard to find joy in anything; sadness consumes my days.""",Depression,,,
"""The constant worry and restlessness make each day a struggle.""",Anxiety,,,
"""A skeptical mind questions every intention, trust eroding away.""",Paranoia,,,
"""Night after night, sleep remains elusive, slipping through my grasp.""",Sleeping Disorder,,,
"""The dependency on substances becomes a relentless cycle.""",Substance Abuse,,,
"""Navigating reality feels like an uphill battle, a constant inner turmoil.""",Personality Disorder,,,
"""A heavy weight on the chest, an unshakable sense of hopelessness.""",Depression,,,
"""Panic sets in, chest tightening, as the mind races with irrational fears.""",Anxiety,,,
"""Constant doubt, questioning motives, and expecting the worst.""",Paranoia,,,
"""Sleep is a distant dream, plagued by nightmares and restlessness.""",Sleeping Disorder,,,
"""The need for substances to numb the pain, a never-ending struggle.""",Substance Abuse,,,
"""A distorted perception of self, an ongoing battle with inner demons.""",Personality Disorder,,,
"""Dark clouds linger, casting shadows over even the happiest moments.""",Depression,,,
"""Anxiety grips tightly, making simple decisions feel like a daunting task.""",Anxiety,,,
"""Trust shattered, always second-guessing intentions, a prisoner of doubt.""",Paranoia,,,
"""The night is a constant companion, sleep slipping away like grains of sand.""",Sleeping Disorder,,,
"""Chasing highs, escaping lows, a dangerous dance with addictive tendencies.""",Substance Abuse,,,
"""The mind in chaos, struggling to maintain stability and a sense of self.""",Personality Disorder,,,
"""A sense of despair, a weight that refuses to lift, painting life in shades of gray.""",Depression,,,
"""Heart racing, palms sweaty, the relentless grip of anxiety takes hold.""",Anxiety,,,
"""A world of suspicion, trusting no one, a mind clouded by distrust.""",Paranoia,,,
"""Night after night, the battle for sleep continues, an exhausting war within.""",Sleeping Disorder,,,
"""Chasing oblivion, a temporary escape from the harsh reality of existence.""",Substance Abuse,,,
"""Lost in the labyrinth of the mind, struggling to find coherence and stability.""",Personality Disorder,,,
"""A pervasive sadness, casting a shadow over even the brightest moments.""",Depression,,,
"""Anxiety's whispers grow louder, drowning out reason and calm.""",Anxiety,,,
"""A constant state of alertness, questioning every motive and intention.""",Paranoia,,,
"""Dreams shattered, nights filled with restlessness and tumultuous sleep.""",Sleeping Disorder,,,
"""Substances providing a fleeting escape, a momentary relief from the pain within.""",Substance Abuse,,,
"""A fractured sense of self, battling against the chaos within.""",Personality Disorder,,,
"""Struggling to find motivation for studies, every task feels overwhelming.""",Depression,,,
"""The constant pressure of exams and assignments triggers anxiety attacks.""",Anxiety,,,
"""Always feeling judged by peers, paranoia makes socializing a challenge.""",Paranoia,,,
"""Late nights haunted by insomnia, impacting focus and academic performance.""",Sleeping Disorder,,,
"""Experimenting with substances to cope with academic stress, a dangerous path.""",Substance Abuse,,,
"""Difficulty in maintaining relationships, feeling disconnected from others.""",Personality Disorder,,,
"""Grades slipping, interest waning; the weight of depression affecting studies.""",Depression,,,
"""Social situations become a source of anxiety, hindering participation.""",Anxiety,,,
"""Constant suspicion of classmates and fear of betrayal, a result of paranoia.""",Paranoia,,,
"""Sleepless nights due to academic stress, impacting mental and physical health.""",Sleeping Disorder,,,
"""Seeking solace in substances as a means to escape the academic pressures.""",Substance Abuse,,,
"""Struggling with identity, affecting relationships and academic pursuits.""",Personality Disorder,,,
"""Feeling isolated in a crowd, the weight of academic expectations overwhelming.""",Depression,,,
"""Anxiety peaks during exams, affecting performance and confidence.""",Anxiety,,,
"""Distrust of classmates and fearing hidden motives, paranoia takes hold.""",Paranoia,,,
"""Persistent insomnia, impacting concentration and memory during lectures.""",Sleeping Disorder,,,
"""Experimentation with substances as a way to cope with academic stress.""",Substance Abuse,,,
"""Identity crisis affecting social interactions and academic focus.""",Personality Disorder,,,
"""The cloud of despair affecting academic enthusiasm and engagement.""",Depression,,,
"""Social anxiety making group projects and presentations a daunting task.""",Anxiety,,,
"""Constantly questioning relationships, struggling to trust peers.""",Paranoia,,,
"""Sleep disturbances impacting energy levels and ability to focus on studies.""",Sleeping Disorder,,,
"""Turning to substances to cope with academic pressures and expectations.""",Substance Abuse,,,
"""Struggling to maintain a sense of self amidst academic challenges.""",Personality Disorder,,,
"""The constant battle with academic stress casting a shadow on daily life.""",Depression,,,
"""Anxiety escalating during exams, hindering clear thinking and decision-making.""",Anxiety,,,
"""A sense of paranoia affecting interactions, making it hard to form connections.""",Paranoia,,,
"""Sleepless nights due to academic worries, impacting overall well-being.""",Sleeping Disorder,,,
"""Seeking solace in substances as an escape from the pressures of student life.""",Substance Abuse,,,
"""Identity struggles impacting academic and personal development.""",Personality Disorder,,,